SNPs,Allele_A,Allele_B
1,T,G
2,C,A
3,G,T
4,C,T
5,T,C
6,G,A
7,G,A
8,C,T
9,T,G
10,G,A
11,C,T
12,C,G
13,G,C
14,A,C
15,G,A
16,C,G
17,T,C
18,T,C
19,T,C
20,C,T
21,G,C
22,C,T
23,A,T
24,G,A
25,C,A
26,A,G
27,T,C
28,T,C
29,G,A
30,T,G
31,T,C
32,C,G
33,A,G
34,G,A
35,G,T
36,G,T
37,G,T
38,A,G
39,C,A
40,A,G
41,C,T
42,A,T
43,T,C
44,T,C
45,T,C
46,G,A
47,T,C
48,A,G
49,G,C
50,A,G
51,G,T
52,C,T
53,A,G
54,G,C
55,T,C
56,A,G
57,C,A
58,C,T
59,A,G
60,G,C
61,T,C
62,G,C
63,T,C
64,A,G
65,C,T
66,G,A
67,A,G
68,A,G
69,C,T
70,A,G
71,T,C
72,C,T
73,T,G
74,A,G
75,T,A
76,T,G
77,T,G
78,C,T
79,T,C
80,C,T
81,T,A
82,A,C
83,C,A
84,C,G
85,G,T
86,C,T
87,A,G
88,C,A
89,G,A
90,C,T
91,T,C
92,A,G
93,A,T
94,A,C
95,G,A
96,A,G
97,A,G
98,G,A
99,A,G
100,A,C
101,T,C
102,G,T
103,T,C
104,A,G
105,A,G
106,A,C
107,A,G
108,C,G
109,T,C
110,C,G
111,T,A
112,T,C
113,G,C
114,G,C
115,A,G
116,A,G
117,A,T
118,T,C
119,T,C
120,A,G
121,T,G
122,G,T
123,T,C
124,C,G
125,G,T
126,G,A
127,A,G
128,A,T
129,C,A
130,C,T
131,T,C
132,C,A
133,A,G
134,A,G
135,A,G
136,T,C
137,T,G
138,G,A
139,A,G
140,T,C
141,C,T
142,C,G
143,G,A
144,G,A
145,T,A
146,C,A
147,C,T
148,T,C
149,T,A
150,A,G
151,A,G
152,G,A
153,C,T
154,A,C
155,C,A
156,T,C
157,A,G
158,T,C
159,T,A
160,T,C
161,A,G
162,C,T
163,A,G
164,C,T
165,A,G
166,A,G
167,A,G
168,A,G
169,G,T
170,T,G
171,T,A
172,A,C
173,T,A
174,T,C
175,A,G
176,T,C
177,T,C
178,A,G
179,C,T
180,G,A
181,T,C
182,A,T
183,T,C
184,T,C
185,G,C
186,T,C
187,C,T
188,C,T
189,A,T
190,A,G
191,G,A
192,T,C
193,G,A
194,T,C
195,A,T
196,A,C
197,G,A
198,T,G
199,G,A
200,A,C
201,G,A
202,C,A
203,T,C
204,A,G
205,A,G
206,A,G
207,C,T
208,A,G
209,A,T
210,A,G
211,T,A
212,A,G
213,T,C
214,C,T
215,A,G
216,G,A
217,T,C
218,T,C
219,T,C
220,G,T
221,A,G
222,T,G
223,A,G
224,C,A
225,A,C
226,A,C
227,C,T
228,T,G
229,G,T
230,C,A
231,A,G
232,T,C
233,A,T
234,G,T
235,A,G
236,A,G
237,T,A
238,A,T
239,A,T
240,A,G
241,G,A
242,T,C
243,T,C
244,T,G
245,G,A
246,T,C
247,C,T
248,G,T
249,C,T
250,G,A
251,C,T
252,T,C
253,G,C
254,T,C
255,C,T
256,G,C
257,G,A
258,A,G
259,C,T
260,A,T
261,T,C
262,A,G
263,G,A
264,T,C
265,C,T
266,T,C
267,G,C
268,A,G
269,T,C
270,A,G
271,A,G
272,T,G
273,G,A
274,T,C
275,A,G
276,T,A
277,T,G
278,C,T
279,A,G
280,C,T
281,A,T
282,A,G
283,T,A
284,T,C
285,T,C
286,T,C
287,T,C
288,C,A
289,T,A
290,A,G
291,A,G
292,G,C
293,C,T
294,A,G
295,A,G
296,A,G
297,C,G
298,T,C
299,G,C
300,A,C
